{"cameraMode":{"drawMode":0,"name":"Shaded","section":"Shading Mode"},"sceneLighting":true,"audioPlay":false,"sceneViewState":{"m_AlwaysRefresh":false,"showFog":true,"showSkybox":true,"showFlares":true,"showImageEffects":true,"showParticleSystems":true,"showVisualEffectGraphs":true,"m_FxEnabled":true},"in2DMode":false,"pivot":{"x":0.6071336269378662,"y":0.27554938197135928,"z":1.614675521850586},"rotation":{"x":-0.09387069940567017,"y":0.6302372813224793,"z":-0.0771598070859909,"w":-0.7668699026107788},"size":2.069582462310791,"orthographic":true}